{
    "data": "HELLO WORLD",
    "funnyNumber": 1337,
    "floaty": 42.41999816894531,
    "position": {
        "x": 8.054628372192383,
        "y": 17.741119384765626,
        "z": -12.092424392700196
    }
}