{
    "data": "HELLO WORLD",
    "funnyNumber": 1337,
    "floaty": 42.41999816894531,
    "position": {
        "x": -2.569999933242798,
        "y": 24.059999465942384,
        "z": -12.092424392700196
    }
}